MF_nDCG,UserCF_nDCG,ItemCF_nDCG,GPT2_nDCG,full_nDCG,no_temporal_nDCG,no_masking_nDCG,baseline_nDCG
0.20169771766248495,0.12978996969565706,0.0039023955545068483,0.2634076702040983,0.30525542352211044,0.2932855707702898,0.2907443130637808,0.28779911923575435
0.22351544870902687,0.1607630764932756,0.006246870394264655,0.33439606201056665,0.3799194879707583,0.3655222914592793,0.35476673841680356,0.3554167089514611
0.24590225678912772,0.2048515402703727,0.0077973268951449385,0.3756256835011684,0.4329252055054143,0.41929968602113393,0.4047074622237583,0.4065914135276109
0.25879628157711815,0.22701993358316444,0.008495404991769224,0.4075709458167614,0.4732090436382745,0.46499660193026854,0.4453162604360831,0.451158179908886
0.26708910852678713,0.2444613173504425,0.008859029251885657,0.44383275985997167,0.511072030105711,0.4994002403000258,0.48258298030033364,0.48380604805695065
0.27306013320422606,0.25186498089599846,0.010400624910085674,0.47238704688204974,0.5400055068806424,0.5285140868294349,0.5126351641196691,0.5165079609709966
0.2802797966192965,0.2585536304809277,0.011081617478884547,0.4831600881938058,0.561358943197273,0.5465019246607716,0.5327019409235597,0.5355037399449457
0.2837138262977204,0.2650116259121226,0.011537740630015721,0.5019906873469667,0.5818547509757652,0.5685350076327566,0.5565386670718352,0.5559683050241574
0.2893820347360528,0.2727969347835118,0.011805026489704428,0.5194215267339556,0.6034167251992318,0.5884841378429736,0.5761943308036206,0.5796780777877806
