MF_nDCG,UserCF_nDCG,ItemCF_nDCG,GPT2_nDCG,full_nDCG,no_temporal_nDCG,no_masking_nDCG,baseline_nDCG
0.330854437915404,0.3333850929997991,0.00026739956073504507,0.40969848592606684,0.4294342972957625,0.42848266975977317,0.4017972598532086,0.39923463837563566
0.340718338078898,0.3467531980936166,0.0009477526450313525,0.4909013027200863,0.5215653041002247,0.5167634354348214,0.48460819420038226,0.49356184499583683
0.33945797943207356,0.3433731283448954,0.0011786241812100267,0.5293143057329763,0.5792908979254605,0.5759925437816699,0.5407723341294742,0.5488500204063752
0.34592631149576086,0.3523813902294025,0.00142013912693041,0.5650442907496905,0.6213609454290391,0.6202160204176153,0.5804011015844865,0.5889897608915239
0.3425899440795202,0.3570721538011623,0.0017189383912846329,0.5838070336481594,0.6540447441628476,0.6495997614988054,0.6114449958206533,0.6188990391275939
0.3410428992550988,0.35822556719051996,0.0020910309894857444,0.6107234028858706,0.6783693805503619,0.6752217649264716,0.6348224801574167,0.641374680292314
0.3414243544984594,0.3572644369441657,0.0023445288391999576,0.6327626532215698,0.7011451080472991,0.6941099468500462,0.6541865671629852,0.660338283147052
0.34110120650739173,0.35498382429736397,0.0028233168632450906,0.6395428716182168,0.7171035388129192,0.7112537670837095,0.6708902112533656,0.6742960509719751
0.3414850626280234,0.3538738251306974,0.003173903170414687,0.6560050796721749,0.7348940420950139,0.7272684046333463,0.6866235613722061,0.6883193509982856
